<?xml version="1.0" encoding="UTF-8"?>
<GenRun Id="impl_1" LaunchPart="xc7k325tffg900-2" LaunchTime="1518597604">
  <File Type="OPT-HWDEF" Name="AdcToplevel_Toplevel.hwdef"/>
  <File Type="PA-DCP" Name="AdcToplevel_Toplevel.dcp"/>
  <File Type="OPT-DCP" Name="AdcToplevel_Toplevel_opt.dcp"/>
  <File Type="ROUTE-PWR" Name="AdcToplevel_Toplevel_power_routed.rpt"/>
  <File Type="PA-TCL" Name="AdcToplevel_Toplevel.tcl"/>
  <File Type="ROUTE-PWR-SUM" Name="AdcToplevel_Toplevel_power_summary_routed.pb"/>
  <File Type="REPORTS-TCL" Name="AdcToplevel_Toplevel_reports.tcl"/>
  <File Type="BG-DRC" Name="AdcToplevel_Toplevel.drc"/>
  <File Type="OPT-METHODOLOGY-DRC" Name="AdcToplevel_Toplevel_methodology_drc_opted.rpt"/>
  <File Type="INIT-TIMING" Name="AdcToplevel_Toplevel_timing_summary_init.rpt"/>
  <File Type="OPT-DRC" Name="AdcToplevel_Toplevel_drc_opted.rpt"/>
  <File Type="OPT-TIMING" Name="AdcToplevel_Toplevel_timing_summary_opted.rpt"/>
  <File Type="PWROPT-DCP" Name="AdcToplevel_Toplevel_pwropt.dcp"/>
  <File Type="PWROPT-DRC" Name="AdcToplevel_Toplevel_drc_pwropted.rpt"/>
  <File Type="PWROPT-TIMING" Name="AdcToplevel_Toplevel_timing_summary_pwropted.rpt"/>
  <File Type="PLACE-DCP" Name="AdcToplevel_Toplevel_placed.dcp"/>
  <File Type="PLACE-IO" Name="AdcToplevel_Toplevel_io_placed.rpt"/>
  <File Type="PLACE-CLK" Name="AdcToplevel_Toplevel_clock_utilization_placed.rpt"/>
  <File Type="PLACE-UTIL" Name="AdcToplevel_Toplevel_utilization_placed.rpt"/>
  <File Type="PLACE-UTIL-PB" Name="AdcToplevel_Toplevel_utilization_placed.pb"/>
  <File Type="PLACE-CTRL" Name="AdcToplevel_Toplevel_control_sets_placed.rpt"/>
  <File Type="PLACE-SIMILARITY" Name="AdcToplevel_Toplevel_incremental_reuse_placed.rpt"/>
  <File Type="PLACE-PRE-SIMILARITY" Name="AdcToplevel_Toplevel_incremental_reuse_pre_placed.rpt"/>
  <File Type="PLACE-TIMING" Name="AdcToplevel_Toplevel_timing_summary_placed.rpt"/>
  <File Type="POSTPLACE-PWROPT-DCP" Name="AdcToplevel_Toplevel_postplace_pwropt.dcp"/>
  <File Type="POSTPLACE-PWROPT-TIMING" Name="AdcToplevel_Toplevel_timing_summary_postplace_pwropted.rpt"/>
  <File Type="PHYSOPT-DCP" Name="AdcToplevel_Toplevel_physopt.dcp"/>
  <File Type="PHYSOPT-DRC" Name="AdcToplevel_Toplevel_drc_physopted.rpt"/>
  <File Type="BG-BIT" Name="AdcToplevel_Toplevel.bit"/>
  <File Type="PHYSOPT-TIMING" Name="AdcToplevel_Toplevel_timing_summary_physopted.rpt"/>
  <File Type="ROUTE-ERROR-DCP" Name="AdcToplevel_Toplevel_routed_error.dcp"/>
  <File Type="ROUTE-DCP" Name="AdcToplevel_Toplevel_routed.dcp"/>
  <File Type="ROUTE-BLACKBOX-DCP" Name="AdcToplevel_Toplevel_routed_bb.dcp"/>
  <File Type="ROUTE-DRC" Name="AdcToplevel_Toplevel_drc_routed.rpt"/>
  <File Type="ROUTE-DRC-PB" Name="AdcToplevel_Toplevel_drc_routed.pb"/>
  <File Type="BITSTR-MSK" Name="AdcToplevel_Toplevel.msk"/>
  <File Type="ROUTE-DRC-RPX" Name="AdcToplevel_Toplevel_drc_routed.rpx"/>
  <File Type="BG-BGN" Name="AdcToplevel_Toplevel.bgn"/>
  <File Type="ROUTE-METHODOLOGY-DRC" Name="AdcToplevel_Toplevel_methodology_drc_routed.rpt"/>
  <File Type="BITSTR-RBT" Name="AdcToplevel_Toplevel.rbt"/>
  <File Type="ROUTE-METHODOLOGY-DRC-RPX" Name="AdcToplevel_Toplevel_methodology_drc_routed.rpx"/>
  <File Type="BG-BIN" Name="AdcToplevel_Toplevel.bin"/>
  <File Type="ROUTE-METHODOLOGY-DRC-PB" Name="AdcToplevel_Toplevel_methodology_drc_routed.pb"/>
  <File Type="ROUTE-PWR-RPX" Name="AdcToplevel_Toplevel_power_routed.rpx"/>
  <File Type="ROUTE-STATUS" Name="AdcToplevel_Toplevel_route_status.rpt"/>
  <File Type="ROUTE-STATUS-PB" Name="AdcToplevel_Toplevel_route_status.pb"/>
  <File Type="ROUTE-TIMINGSUMMARY" Name="AdcToplevel_Toplevel_timing_summary_routed.rpt"/>
  <File Type="ROUTE-TIMING-PB" Name="AdcToplevel_Toplevel_timing_summary_routed.pb"/>
  <File Type="ROUTE-TIMING-RPX" Name="AdcToplevel_Toplevel_timing_summary_routed.rpx"/>
  <File Type="ROUTE-SIMILARITY" Name="AdcToplevel_Toplevel_incremental_reuse_routed.rpt"/>
  <File Type="RDI-RDI" Name="AdcToplevel_Toplevel.vdi"/>
  <File Type="ROUTE-CLK" Name="AdcToplevel_Toplevel_clock_utilization_routed.rpt"/>
  <File Type="POSTROUTE-PHYSOPT-DCP" Name="AdcToplevel_Toplevel_postroute_physopt.dcp"/>
  <File Type="POSTROUTE-PHYSOPT-BLACKBOX-DCP" Name="AdcToplevel_Toplevel_postroute_physopt_bb.dcp"/>
  <File Type="POSTROUTE-PHYSOPT-TIMING" Name="AdcToplevel_Toplevel_timing_summary_postroute_physopted.rpt"/>
  <File Type="POSTROUTE-PHYSOPT-TIMING-PB" Name="AdcToplevel_Toplevel_timing_summary_postroute_physopted.pb"/>
  <File Type="POSTROUTE-PHYSOPT-TIMING-RPX" Name="AdcToplevel_Toplevel_timing_summary_postroute_physopted.rpx"/>
  <File Type="BITSTR-NKY" Name="AdcToplevel_Toplevel.nky"/>
  <File Type="BITSTR-BMM" Name="AdcToplevel_Toplevel_bd.bmm"/>
  <File Type="BITSTR-MMI" Name="AdcToplevel_Toplevel.mmi"/>
  <File Type="BITSTR-LTX" Name="debug_nets.ltx"/>
  <File Type="BITSTR-LTX" Name="AdcToplevel_Toplevel.ltx"/>
  <File Type="BITSTR-SYSDEF" Name="AdcToplevel_Toplevel.sysdef"/>
  <File Type="WBT-USG" Name="usage_statistics_webtalk.html"/>
  <FileSet Name="sources" Type="DesignSrcs" RelSrcDir="$PSRCDIR/sources_1">
    <Filter Type="Srcs"/>
    <File Path="$PPRDIR/../../Libraries/AdcClock_Lib/Vhdl/AdcClock.vhd">
      <FileInfo>
        <Attr Name="Library" Val="AdcClock_Lib"/>
        <Attr Name="UsedIn" Val="synthesis"/>
        <Attr Name="UsedIn" Val="simulation"/>
      </FileInfo>
    </File>
    <File Path="$PPRDIR/../../Libraries/AdcData_Lib/Vhdl/AdcData.vhd">
      <FileInfo>
        <Attr Name="Library" Val="AdcData_Lib"/>
        <Attr Name="UsedIn" Val="synthesis"/>
        <Attr Name="UsedIn" Val="simulation"/>
      </FileInfo>
    </File>
    <File Path="$PPRDIR/../../Libraries/Common/Vhdl/Cnt_5b_Bin.vhd">
      <FileInfo>
        <Attr Name="Library" Val="Common"/>
        <Attr Name="UsedIn" Val="synthesis"/>
        <Attr Name="UsedIn" Val="simulation"/>
      </FileInfo>
    </File>
    <File Path="$PPRDIR/../../Libraries/Common/Vhdl/Fdcr.vhd">
      <FileInfo>
        <Attr Name="Library" Val="Common"/>
        <Attr Name="UsedIn" Val="synthesis"/>
        <Attr Name="UsedIn" Val="simulation"/>
      </FileInfo>
    </File>
    <File Path="$PPRDIR/../../Libraries/Common/Vhdl/GenPulse.vhd">
      <FileInfo>
        <Attr Name="Library" Val="Common"/>
        <Attr Name="UsedIn" Val="synthesis"/>
        <Attr Name="UsedIn" Val="simulation"/>
      </FileInfo>
    </File>
    <File Path="$PPRDIR/../../Libraries/Common/Vhdl/Fdrse.vhd">
      <FileInfo>
        <Attr Name="Library" Val="Common"/>
        <Attr Name="UsedIn" Val="synthesis"/>
        <Attr Name="UsedIn" Val="simulation"/>
      </FileInfo>
    </File>
    <File Path="$PPRDIR/../../Libraries/AdcFrame_Lib/Vhdl/DoubleNibbleDetect.vhd">
      <FileInfo>
        <Attr Name="Library" Val="AdcFrame_Lib"/>
        <Attr Name="UsedIn" Val="synthesis"/>
        <Attr Name="UsedIn" Val="simulation"/>
      </FileInfo>
    </File>
    <File Path="$PPRDIR/../../Libraries/AdcFrame_Lib/Vhdl/AdcFrame.vhd">
      <FileInfo>
        <Attr Name="Library" Val="AdcFrame_Lib"/>
        <Attr Name="UsedIn" Val="synthesis"/>
        <Attr Name="UsedIn" Val="simulation"/>
      </FileInfo>
    </File>
    <File Path="$PPRDIR/../../Libraries/AdcMem_Lib/Vhdl/AdcMem.vhd">
      <FileInfo>
        <Attr Name="Library" Val="AdcMem_Lib"/>
        <Attr Name="UsedIn" Val="synthesis"/>
        <Attr Name="UsedIn" Val="simulation"/>
      </FileInfo>
    </File>
    <File Path="$PPRDIR/../../Vhdl/AdcToplevel.vhd">
      <FileInfo>
        <Attr Name="Library" Val="xil_defaultlib"/>
        <Attr Name="UsedIn" Val="synthesis"/>
        <Attr Name="UsedIn" Val="simulation"/>
      </FileInfo>
    </File>
    <File Path="$PPRDIR/../../Vhdl/AdcToplevel_Toplevel.vhd">
      <FileInfo>
        <Attr Name="UsedIn" Val="synthesis"/>
        <Attr Name="UsedIn" Val="simulation"/>
      </FileInfo>
    </File>
    <Config>
      <Option Name="DesignMode" Val="RTL"/>
      <Option Name="TopModule" Val="AdcToplevel_Toplevel"/>
      <Option Name="TopAutoSet" Val="TRUE"/>
    </Config>
  </FileSet>
  <FileSet Name="constrs_in" Type="Constrs" RelSrcDir="$PSRCDIR/constrs_1">
    <Filter Type="Constrs"/>
    <File Path="$PPRDIR/../../Constraints/KC705_AdcToplevel_Toplevel.xdc">
      <FileInfo>
        <Attr Name="UsedIn" Val="synthesis"/>
        <Attr Name="UsedIn" Val="implementation"/>
      </FileInfo>
    </File>
    <Config>
      <Option Name="TargetConstrsFile" Val="$PPRDIR/../../Constraints/KC705_AdcToplevel_Toplevel.xdc"/>
      <Option Name="ConstrsType" Val="XDC"/>
    </Config>
  </FileSet>
  <Strategy Version="1" Minor="2">
    <StratHandle Name="Vivado Implementation Defaults" Flow="Vivado Implementation 2015"/>
    <Step Id="init_design"/>
    <Step Id="opt_design"/>
    <Step Id="power_opt_design"/>
    <Step Id="place_design"/>
    <Step Id="post_place_power_opt_design"/>
    <Step Id="phys_opt_design"/>
    <Step Id="route_design"/>
    <Step Id="post_route_phys_opt_design"/>
    <Step Id="write_bitstream"/>
  </Strategy>
</GenRun>
